,evaluation_file,learning_rate,total_num_iters,n_h,n_h_adv,dropout_rate,alpha,accuracy,roc_auc,count_0,y_hat_0,true_neg_0,false_neg_0,false_pos_0,true_pos_0,fp_0,fn_0,calibration_pos_0,calibration_neg_0,count_1,y_hat_1,true_neg_1,false_neg_1,false_pos_1,true_pos_1,fp_1,fn_1,calibration_pos_1,calibration_neg_1,parity_gap_0,fp_gap_0,fn_gap_0,calibration_pos_gap_0,calibration_neg_gap_0,parity_gap_1,fp_gap_1,fn_gap_1,calibration_pos_gap_1,calibration_neg_gap_1
0,valid_set,0.001,5000,10,,0.5,,0.84692154153232,0.8963729539403551,4311,0.7726745534678728,2777,554,270,710,0.08861174926156876,0.43829113924050633,0.7244897959183674,0.16631642149504652,2202,0.9287011807447775,1905,140,33,124,0.017027863777089782,0.5303030303030303,0.7898089171974523,0.06845965770171149,0.15602662727690464,0.07158388548447897,0.09201189106252394,0.0653191212790849,0.09785676379333504,0.15602662727690464,0.07158388548447897,0.09201189106252394,0.0653191212790849,0.09785676379333504
0,test_set,0.001,5000,10,,0.5,,0.8506234260794792,0.9019372290774221,10860,0.7734806629834254,6986,1414,618,1842,0.08127301420305102,0.4342751842751843,0.748780487804878,0.16833333333333333,5421,0.9332226526471131,4745,314,86,276,0.01780169737114469,0.5322033898305085,0.7624309392265194,0.062067602292943266,0.1597419896636877,0.06347131683190634,0.09792820555532422,0.01365045142164134,0.10626573104039007,0.1597419896636877,0.06347131683190634,0.09792820555532422,0.01365045142164134,0.10626573104039007
