,evaluation_file,learning_rate,total_num_iters,n_h,n_h_adv,dropout_rate,alpha,accuracy,roc_auc,count_0,y_hat_0,true_neg_0,false_neg_0,false_pos_0,true_pos_0,fp_0,fn_0,calibration_pos_0,calibration_neg_0,count_1,y_hat_1,true_neg_1,false_neg_1,false_pos_1,true_pos_1,fp_1,fn_1,calibration_pos_1,calibration_neg_1,parity_gap_0,fp_gap_0,fn_gap_0,calibration_pos_gap_0,calibration_neg_gap_0,parity_gap_1,fp_gap_1,fn_gap_1,calibration_pos_gap_1,calibration_neg_gap_1
0,valid_set,0.001,3000,10,10,0.5,10,0.8512206356517734,0.8930103136635036,4311,0.8046856877754581,2859,610,188,654,0.061700032819166396,0.4825949367088608,0.7614593077642656,0.13115356355620866,2202,0.8969118982742961,1871,104,67,160,0.03457172342621259,0.3939393939393939,0.7614593077642656,0.13115356355620866,0.09222621049883795,0.027128309392953805,0.08865554276946686,0.0,0.0,0.09222621049883795,0.027128309392953805,0.08865554276946686,0.0,0.0
0,test_set,0.001,3000,10,10,0.5,10,0.8490878938640133,0.8968434716479933,10860,0.8074585635359116,7164,1605,440,1651,0.057864281956864806,0.4929361179361179,0.7657864523536165,0.13498683055311678,5421,0.9037078029883785,4659,240,172,350,0.03560339474228938,0.4067796610169492,0.7657864523536165,0.13498683055311678,0.09624923945246688,0.022260887214575427,0.08615645691916873,0.0,0.0,0.09624923945246688,0.022260887214575427,0.08615645691916873,0.0,0.0
