,evaluation_file,learning_rate,total_num_iters,n_h,n_h_adv,dropout_rate,alpha,accuracy,roc_auc,count_0,y_hat_0,true_neg_0,false_neg_0,false_pos_0,true_pos_0,fp_0,fn_0,calibration_pos_0,calibration_neg_0,count_1,y_hat_1,true_neg_1,false_neg_1,false_pos_1,true_pos_1,fp_1,fn_1,calibration_pos_1,calibration_neg_1,parity_gap_0,fp_gap_0,fn_gap_0,calibration_pos_gap_0,calibration_neg_gap_0,parity_gap_1,fp_gap_1,fn_gap_1,calibration_pos_gap_1,calibration_neg_gap_1
0,valid_set,0.001,3000,10,10,0.5,10,0.852141870105942,0.9049301044494741,4311,0.7738343771746694,2793,543,254,721,0.08336068263866098,0.4295886075949367,0.7394871794871795,0.16276978417266186,2202,0.9019073569482289,1879,107,59,157,0.0304437564499484,0.4053030303030303,0.7268518518518519,0.05387713997985901,0.12807297977355947,0.052916926188712576,0.024285577291906446,0.012635327635327598,0.10889264419280284,0.12807297977355947,0.052916926188712576,0.024285577291906446,0.012635327635327598,0.10889264419280284
0,test_set,0.001,3000,10,10,0.5,10,0.8543701246852159,0.9073741437795831,10860,0.7729281767955801,7015,1379,589,1877,0.07745923198316676,0.4235257985257985,0.7611516626115167,0.16428401238980225,5421,0.9072126913853532,4673,245,158,345,0.03270544400745187,0.4152542372881356,0.6858846918489065,0.049816998779991864,0.13428451458977309,0.04475378797571489,0.008271561237662928,0.07526697076261013,0.11446701360981039,0.13428451458977309,0.04475378797571489,0.008271561237662928,0.07526697076261013,0.11446701360981039
