,evaluation_file,learning_rate,total_num_iters,n_h,n_h_adv,dropout_rate,alpha,accuracy,roc_auc,count_0,y_hat_0,true_neg_0,false_neg_0,false_pos_0,true_pos_0,fp_0,fn_0,calibration_pos_0,calibration_neg_0,count_1,y_hat_1,true_neg_1,false_neg_1,false_pos_1,true_pos_1,fp_1,fn_1,calibration_pos_1,calibration_neg_1,parity_gap_0,fp_gap_0,fn_gap_0,calibration_pos_gap_0,calibration_neg_gap_0,parity_gap_1,fp_gap_1,fn_gap_1,calibration_pos_gap_1,calibration_neg_gap_1
0,valid_set,0.001,3000,10,10,0.5,10,0.8304928604329802,0.8657356230996655,4311,0.8624449083739272,2953,765,94,499,0.030850016409583198,0.6052215189873418,0.8414839797639123,0.2057557826788596,2202,0.8242506811989101,1754,61,184,203,0.09494324045407637,0.23106060606060605,0.524547803617571,0.03360881542699724,0.03819422717501708,0.06409322404449318,0.3741609129267357,0.3169361761463413,0.17214696725186235,0.03819422717501708,0.06409322404449318,0.3741609129267357,0.3169361761463413,0.17214696725186235
0,test_set,0.001,3000,10,10,0.5,10,0.8277747067133469,0.8665774246570989,10860,0.8612338858195212,7373,1980,231,1276,0.030378748027354026,0.6081081081081081,0.8467153284671532,0.21169678178124665,5421,0.8304740822726434,4370,132,461,458,0.09542537776857793,0.22372881355932203,0.49836779107725787,0.029320302087960905,0.030759803546877795,0.06504662974122391,0.38437929454878605,0.3483475373898954,0.18237647969328574,0.030759803546877795,0.06504662974122391,0.38437929454878605,0.3483475373898954,0.18237647969328574
