,evaluation_file,learning_rate,total_num_iters,n_h,n_h_adv,dropout_rate,alpha,accuracy,roc_auc,count_0,y_hat_0,true_neg_0,false_neg_0,false_pos_0,true_pos_0,fp_0,fn_0,calibration_pos_0,calibration_neg_0,count_1,y_hat_1,true_neg_1,false_neg_1,false_pos_1,true_pos_1,fp_1,fn_1,calibration_pos_1,calibration_neg_1,parity_gap_0,fp_gap_0,fn_gap_0,calibration_pos_gap_0,calibration_neg_gap_0,parity_gap_1,fp_gap_1,fn_gap_1,calibration_pos_gap_1,calibration_neg_gap_1
0,valid_set,0.001,3000,10,,0.5,,0.70625,0.7271914132379249,117,0.7692307692307693,73,17,19,8,0.20652173913043478,0.68,0.45,0.20833333333333334,43,0.6976744186046512,22,8,3,10,0.12,0.4444444444444444,0.45,0.20833333333333334,0.07155635062611809,0.08652173913043479,0.23555555555555563,0.0,0.0,0.07155635062611809,0.08652173913043479,0.23555555555555563,0.0,0.0
0,test_set,0.001,3000,10,,0.5,,0.90625,0.9436451644179924,545,0.7559633027522936,378,34,21,112,0.05263157894736842,0.2328767123287671,0.883177570093458,0.08532423208191127,255,0.6823529411764706,158,16,4,77,0.024691358024691357,0.17204301075268819,0.883177570093458,0.08532423208191127,0.07361036157582301,0.02794022092267706,0.060833701576078925,0.0,0.0,0.07361036157582301,0.02794022092267706,0.060833701576078925,0.0,0.0
