,evaluation_file,learning_rate,total_num_iters,n_h,n_h_adv,dropout_rate,alpha,accuracy,roc_auc,count_0,y_hat_0,true_neg_0,false_neg_0,false_pos_0,true_pos_0,fp_0,fn_0,calibration_pos_0,calibration_neg_0,count_1,y_hat_1,true_neg_1,false_neg_1,false_pos_1,true_pos_1,fp_1,fn_1,calibration_pos_1,calibration_neg_1,parity_gap_0,fp_gap_0,fn_gap_0,calibration_pos_gap_0,calibration_neg_gap_0,parity_gap_1,fp_gap_1,fn_gap_1,calibration_pos_gap_1,calibration_neg_gap_1
0,valid_set,0.001,3000,10,,0.5,,0.7375,0.7751937984496124,117,0.8034188034188035,76,18,16,7,0.17391304347826086,0.72,0.5151515151515151,0.2047244094488189,43,0.7674418604651163,25,8,0,10,0.0,0.4444444444444444,0.5151515151515151,0.2047244094488189,0.03597694295368714,0.17391304347826086,0.27555555555555555,0.0,0.0,0.03597694295368714,0.17391304347826086,0.27555555555555555,0.0,0.0
0,test_set,0.001,3000,10,,0.5,,0.88875,0.9387152350479941,545,0.7431192660550459,370,35,29,111,0.07268170426065163,0.23972602739726026,0.8440366972477065,0.09450171821305842,255,0.6941176470588235,157,20,5,73,0.030864197530864196,0.21505376344086022,0.8440366972477065,0.09450171821305842,0.04900161899622235,0.04181750672978743,0.024672263956400042,0.0,0.0,0.04900161899622235,0.04181750672978743,0.024672263956400042,0.0,0.0
