,evaluation_file,learning_rate,total_num_iters,n_h,n_h_adv,dropout_rate,alpha,accuracy,roc_auc,count_0,y_hat_0,true_neg_0,false_neg_0,false_pos_0,true_pos_0,fp_0,fn_0,calibration_pos_0,calibration_neg_0,count_1,y_hat_1,true_neg_1,false_neg_1,false_pos_1,true_pos_1,fp_1,fn_1,calibration_pos_1,calibration_neg_1,parity_gap_0,fp_gap_0,fn_gap_0,calibration_pos_gap_0,calibration_neg_gap_0,parity_gap_1,fp_gap_1,fn_gap_1,calibration_pos_gap_1,calibration_neg_gap_1
0,valid_set,0.001,3000,10,10,0.5,10,0.7375,0.7740011926058438,117,0.7521367521367521,74,14,18,11,0.1956521739130435,0.56,0.5116279069767442,0.1794871794871795,43,0.6744186046511628,22,7,3,11,0.12,0.3888888888888889,0.5116279069767442,0.1794871794871795,0.07771814748558936,0.07565217391304349,0.17111111111111116,0.0,0.0,0.07771814748558936,0.07565217391304349,0.17111111111111116,0.0,0.0
0,test_set,0.001,3000,10,10,0.5,10,0.90625,0.9506820605762275,545,0.7431192660550459,377,28,22,118,0.05513784461152882,0.1917808219178082,0.8796296296296297,0.0839041095890411,255,0.7019607843137254,158,21,4,72,0.024691358024691357,0.22580645161290322,0.8796296296296297,0.0839041095890411,0.04115848174132042,0.030446486586837462,0.03402562969509501,0.0,0.0,0.04115848174132042,0.030446486586837462,0.03402562969509501,0.0,0.0
