,evaluation_file,learning_rate,total_num_iters,n_h,n_h_adv,dropout_rate,alpha,accuracy,roc_auc,count_0,y_hat_0,true_neg_0,false_neg_0,false_pos_0,true_pos_0,fp_0,fn_0,calibration_pos_0,calibration_neg_0,count_1,y_hat_1,true_neg_1,false_neg_1,false_pos_1,true_pos_1,fp_1,fn_1,calibration_pos_1,calibration_neg_1,parity_gap_0,fp_gap_0,fn_gap_0,calibration_pos_gap_0,calibration_neg_gap_0,parity_gap_1,fp_gap_1,fn_gap_1,calibration_pos_gap_1,calibration_neg_gap_1
0,valid_set,0.001,3000,10,10,0.5,10,0.7625,0.7723116676605049,117,0.8290598290598291,80,17,12,8,0.13043478260869565,0.68,0.4,0.17525773195876287,43,0.7441860465116279,24,8,1,10,0.04,0.4444444444444444,0.9090909090909091,0.25,0.08487378254820122,0.09043478260869564,0.23555555555555563,0.509090909090909,0.07474226804123713,0.08487378254820122,0.09043478260869564,0.23555555555555563,0.509090909090909,0.07474226804123713
0,test_set,0.001,3000,10,10,0.5,10,0.89375,0.9473295594388382,545,0.7798165137614679,382,43,17,103,0.042606516290726815,0.2945205479452055,0.8583333333333333,0.1011764705882353,255,0.6941176470588235,157,20,5,73,0.030864197530864196,0.21505376344086022,0.9358974358974359,0.11299435028248588,0.08569886670264437,0.011742318759862619,0.07946678450434527,0.07756410256410262,0.011817879694250577,0.08569886670264437,0.011742318759862619,0.07946678450434527,0.07756410256410262,0.011817879694250577
