,evaluation_file,learning_rate,total_num_iters,n_h,n_h_adv,dropout_rate,alpha,accuracy,roc_auc,count_0,y_hat_0,true_neg_0,false_neg_0,false_pos_0,true_pos_0,fp_0,fn_0,calibration_pos_0,calibration_neg_0,count_1,y_hat_1,true_neg_1,false_neg_1,false_pos_1,true_pos_1,fp_1,fn_1,calibration_pos_1,calibration_neg_1,parity_gap_0,fp_gap_0,fn_gap_0,calibration_pos_gap_0,calibration_neg_gap_0,parity_gap_1,fp_gap_1,fn_gap_1,calibration_pos_gap_1,calibration_neg_gap_1
0,valid_set,0.001,3000,10,10,0.5,10,0.70625,0.7153647386205526,117,0.7435897435897436,71,16,21,9,0.22826086956521738,0.64,0.4523809523809524,0.2033898305084746,43,0.7209302325581395,23,8,2,10,0.08,0.4444444444444444,0.4523809523809524,0.2033898305084746,0.02265951103160413,0.1482608695652174,0.1955555555555556,0.0,0.0,0.02265951103160413,0.1482608695652174,0.1955555555555556,0.0,0.0
0,test_set,0.001,3000,10,10,0.5,10,0.88875,0.9330245601473758,545,0.7431192660550459,370,35,29,111,0.07268170426065163,0.23972602739726026,0.8504672897196262,0.09726962457337884,255,0.7098039215686275,159,22,3,71,0.018518518518518517,0.23655913978494625,0.8504672897196262,0.09726962457337884,0.033315344486418375,0.05416318574213311,0.003166887612314012,0.0,0.0,0.033315344486418375,0.05416318574213311,0.003166887612314012,0.0,0.0
